"Blinding Lights - The Weeknd",
"Shape of You - Ed Sheeran",
"Dance Monkey - Tones And I",
"Someone You Loved - Lewis Capaldi",
"rockstar (feat. 21 Savage) - Post Malone",
"Sunflower - Spider-Man: Into the Spider-Verse - Post Malone",
"One Dance - Drake",
"Closer - The Chainsmokers",
"STAY (with Justin Bieber) - The Kid LAROI",
"Believer - Imagine Dragons",
"Perfect - Ed Sheeran",
"Senorita - Shawn Mendes",
"Heat Waves - Glass Animals",
"Starboy - The Weeknd",
"Say You Won't Let Go - James Arthur",
"bad guy - Billie Eilish",
"lovely (with Khalid) - Billie Eilish",
"Lucid Dreams - Juice WRLD",
"Don't Start Now - Dua Lipa",
"Thinking out Loud - Ed Sheeran",
"Watermelon Sugar - Harry Styles",
"As It Was - Harry Styles",
"God's Plan - Drake",
"Photograph - Ed Sheeran",
"Sweater Weather - The Neighbourhood",
"Bohemian Rhapsody - Queen",
"Something Just Like This - The Chainsmokers",
"Shallow - Radio Edit - Lady Gaga",
"Love Yourself - Justin Bieber",
"Take Me To Church - Hozier",
"Circles - Post Malone",
"SAD! - XXXTENTACION",
"All of Me - John Legend",
"Thunder - Imagine Dragons",
"7 rings - Ariana Grande",
"goosebumps - Travis Scott",
"Jocelyn Flores - XXXTENTACION",
"Stressed Out - Twenty One Pilots",
"Counting Stars - OneRepublic",
"Havana (feat. Young Thug) - Camila Cabello",
"XO Tour Llif3 - Lil Uzi Vert",
"Riptide - Vance Joy",
"Wake Me Up - Avicii",
"The Hills - The Weeknd",
"New Rules - Dua Lipa",
"HUMBLE. - Kendrick Lamar",
"Let Her Go - Passenger",
"Happier - Marshmello",
"Can't Hold Us (feat. Ray Dalton) - Macklemore & Ryan Lewis",
"SICKO MODE - Travis Scott",
"good 4 u - Olivia Rodrigo",
"One Kiss - Calvin Harris",
"Sorry - Justin Bieber",
"Let Me Love You - DJ Snake",
"drivers license - Olivia Rodrigo",
"Treat You Better - Shawn Mendes",
"Lean On (feat. MO & DJ Snake) - Major Lazer",
"Roses - Imanbek Remix - SAINt JHN",
"Stay With Me - Sam Smith",
"Better Now - Post Malone",
"INDUSTRY BABY (feat. Jack Harlow) - Lil Nas X",
"Congratulations - Post Malone",
"Lose Yourself - From '8 Mile' Soundtrack - Eminem",
"Demons - Imagine Dragons",
"Without Me - Halsey",
"Memories - Maroon 5",
"Faded - Alan Walker",
"Mr. Brightside - The Killers",
"Levitating (feat. DaBaby) - Dua Lipa",
"Too Good At Goodbyes - Sam Smith",
"Uptown Funk (feat. Bruno Mars) - Mark Ronson",
"I Took A Pill In Ibiza - Seeb Remix - Mike Posner",
"Don't Let Me Down - The Chainsmokers",
"DAKITI - Bad Bunny",
"thank u, next - Ariana Grande",
"Do I Wanna Know? - Arctic Monkeys",
"MONTERO (Call Me By Your Name) - Lil Nas X",
"I Don't Care (with Justin Bieber) - Ed Sheeran",
"No Role Modelz - J. Cole",
"Mood (feat. iann dior) - 24kGoldn",
"Unforgettable - French Montana",
"Dynamite - BTS",
"Moonlight - XXXTENTACION",
"Wonderwall - Oasis",
"There's Nothing Holdin' Me Back - Shawn Mendes",
"That's What I Like - Bruno Mars",
"Till I Collapse - Eminem",
"Despacito - Remix - Luis Fonsi",
"The Box - Roddy Ricch",
"Another Love - Tom Odell",
"Smells Like Teen Spirit - Nirvana",
"Stitches - Shawn Mendes",
"Yellow - Coldplay",
"Cheap Thrills - Sia",
"See You Again (feat. Charlie Puth) - Wiz Khalifa",
"I'm Yours - Jason Mraz",
"Without Me - Eminem",
"Don't Stop Me Now - Queen",
"Sugar - Maroon 5",
"7 Years - Lukas Graham",
"I Like Me Better - Lauv",
"When I Was Your Man - Bruno Mars",
"Despacito (Featuring Daddy Yankee) - Luis Fonsi",
"Just the Way You Are - Bruno Mars",
"Someone Like You - Adele",
"Youngblood - 5 Seconds of Summer",
"when the party's over - Billie Eilish",
"Girls Like You (feat. Cardi B) - Cardi B Version - Maroon 5",
"In the End - Linkin Park",
"Don't Stop Believin' - Journey",
"The Scientist - Coldplay",
"We Don't Talk Anymore (feat. Selena Gomez) - Charlie Puth",
"I'm Not The Only One - Sam Smith",
"Radioactive - Imagine Dragons",
"CAN'T STOP THE FEELING! (from DreamWorks Animation's 'TROLLS') - Justin Timberlake",
"ROCKSTAR (feat. Roddy Ricch) - DaBaby",
"Heathens - Twenty One Pilots",
"Before You Go - Lewis Capaldi",
"Another One Bites The Dust - Queen",
"Attention - Charlie Puth",
"Kiss Me More (feat. SZA) - Doja Cat",
"I Like It - Cardi B",
"Every Breath You Take - The Police",
"Bad Habits - Ed Sheeran",
"Save Your Tears - The Weeknd",
"I Fall Apart - Post Malone",
"Eastside (with Halsey & Khalid) - benny blanco",
"I Feel It Coming - The Weeknd",
"Cold Heart - PNAU Remix - Elton John",
"Sweet Child O' Mine - Guns N' Roses",
"Be Alright - Dean Lewis",
"Can't Feel My Face - The Weeknd",
"Me Rehúso - Danny Ocean",
"Ride - Twenty One Pilots",
"Chandelier - Sia",
"All I Want for Christmas Is You - Mariah Carey",
"Pumped Up Kicks - Foster The People",
"This Is What You Came For - Calvin Harris",
"Viva La Vida - Coldplay",
"Sweet but Psycho - Ava Max",
"Wow. - Post Malone",
"Dusk Till Dawn (feat. Sia) - Radio Edit - ZAYN",
"Die For You - The Weeknd",
"Old Town Road - Remix - Lil Nas X",
"Taki Taki (with Selena Gomez, Ozuna & Cardi B) - DJ Snake",
"Africa - TOTO",
"What Do You Mean? - Justin Bieber",
"IDGAF - Dua Lipa",
"Psycho (feat. Ty Dolla $ign) - Post Malone",
"Peaches (feat. Daniel Caesar & Giveon) - Justin Bieber",
"Hello - Adele",
"Payphone - Maroon 5",
"Somebody That I Used To Know - Gotye",
"I Don’t Wanna Live Forever (Fifty Shades Darker) - ZAYN",
"Rolling in the Deep - Adele",
"High Hopes - Panic! At The Disco",
"Earned It (Fifty Shades Of Grey) - The Weeknd",
"Cold Water (feat. Justin Bieber) - Major Lazer",
"Locked out of Heaven - Bruno Mars",
"Take on Me - a-ha",
"Cake By The Ocean - DNCE",
"Billie Jean - Michael Jackson",
"Love Me Like You Do - From 'Fifty Shades Of Grey' - Ellie Goulding",
"Adore You - Harry Styles",
"ROXANNE - Remix - Arizona Zervas",
"Silence - Marshmello",
"The Nights - Avicii",
"Mask Off - Future",
"Tusa - KAROL G",
"Call Out My Name - The Weeknd",
"Redbone - Childish Gambino",
"Rockabye (feat. Sean Paul & Anne-Marie) - Clean Bandit",
"LA CANCIoN - J Balvin",
"The Middle - Zedd",
"Fuck Love (feat. Trippie Redd) - XXXTENTACION",
"HIGHEST IN THE ROOM - Travis Scott",
"Everybody Dies In Their Nightmares - XXXTENTACION",
"Young Dumb & Broke - Khalid",
"The Real Slim Shady - Eminem",
"Titanium (feat. Sia) - David Guetta",
"Mi Gente - J Balvin",
"A Thousand Years - Christina Perri",
"2002 - Anne-Marie",
"everything i wanted - Billie Eilish",
"Halo - Beyonce",
"FRIENDS - Marshmello",
"The Night We Met - Lord Huron",
"Beggin' - Måneskin",
"Under Pressure - Queen",
"Easy On Me - Adele",
"Work from Home (feat. Ty Dolla $ign) - Fifth Harmony",
"In My Feelings - Drake",
"Let You Down - NF",
"Passionfruit - Drake",
"Hotel California - Eagles",
"Seven Nation Army - The White Stripes",
"Pompeii - Bastille",
"Let Me Down Slowly - Alec Benjamin",
"Me Porto Bonito - Bad Bunny",
"It Ain't Me - Kygo",
"Beautiful People (feat. Khalid) - Ed Sheeran",
"Numb - Linkin Park",
"All Girls Are The Same - Juice WRLD",
"In My Mind - Dynoro",
"Side To Side - Ariana Grande",
"Callaita - Bad Bunny",
"In the Name of Love - Martin Garrix",
"Gangsta's Paradise - Coolio",
"The Less I Know The Better - Tame Impala",
"Symphony (feat. Zara Larsson) - Clean Bandit",
"Sign of the Times - Harry Styles",
"September - Earth, Wind & Fire",
"Location - Khalid",
"Woman - Doja Cat",
"changes - XXXTENTACION",
"Meant to Be (feat. Florida Georgia Line) - Bebe Rexha",
"Pepas - Farruko",
"1-800-273-8255 - Logic",
"All The Stars (with SZA) - Kendrick Lamar",
"Back In Black - AC/DC",
"Hips Don't Lie (feat. Wyclef Jean) - Shakira",
"Work - Rihanna",
"Sucker - Jonas Brothers",
"Maps - Maroon 5",
"24K Magic - Bruno Mars",
"Wolves - Selena Gomez",
"Taste (feat. Offset) - Tyga",
"Look At Me! - XXXTENTACION",
"Needed Me - Rihanna",
"Heather - Conan Gray",
"no tears left to cry - Ariana Grande",
"Dreams - Fleetwood Mac",
"Summer - Calvin Harris",
"Scars To Your Beautiful - Alessia Cara",
"Highway to Hell - AC/DC",
"Con Calma - Daddy Yankee",
"Iris - The Goo Goo Dolls",
"Livin' On A Prayer - Bon Jovi",
"Yonaguni - Bad Bunny",
"Hey, Soul Sister - Train",
"Shivers - Ed Sheeran",
"positions - Ariana Grande",
"Happier - Ed Sheeran",
"Rude - MAGIC!",
"Lush Life - Zara Larsson",
"Drip Too Hard (Lil Baby & Gunna) - Lil Baby",
"Hotline Bling - Drake",
"Young, Wild & Free (feat. Bruno Mars) - Snoop Dogg",
"Better - Khalid",
"Ric Flair Drip (with Metro Boomin) - Offset",
"Happy - From 'Despicable Me 2' - Pharrell Williams",
"Castle on the Hill - Ed Sheeran",
"Lemonade (feat. Gunna, Don Toliver & NAV) - Internet Money",
"Quevedo: Bzrp Music Sessions, Vol. 52 - Bizarrap",
"Party In The U.S.A. - Miley Cyrus",
"MIA - Bad Bunny",
"I'm the One (feat. Justin Bieber, Quavo, Chance the Rapper & Lil Wayne) - DJ Khaled",
"WAP (feat. Megan Thee Stallion) - Cardi B",
"Love The Way You Lie - Eminem",
"deja vu - Olivia Rodrigo",
"Blank Space - Taylor Swift",
"Creep - Radiohead",
"Timber (feat. Ke$ha) - Pitbull",
"Stolen Dance - Milky Chance",
"She Will Be Loved - Maroon 5",
"Stronger - Kanye West",
"Fix You - Coldplay",
"Danza Kuduro - Don Omar",
"Bang Bang - Jessie J",
"PILLOWTALK - ZAYN",
"Galway Girl - Ed Sheeran",
"Me, Myself & I - G-Eazy",
"Why'd You Only Call Me When You're High? - Arctic Monkeys",
"Mercy - Shawn Mendes",
"Blueberry Faygo - Lil Mosey",
"Last Christmas - Wham!",
"More Than You Know - Axwell /\ Ingrosso",
"Dancing With A Stranger - Sam Smith",
"One Last Time - Ariana Grande",
"Thunderstruck - AC/DC",
"Still D.R.E. - Dr. Dre",
"hot girl bummer - blackbear",
"Titi Me Pregunto - Bad Bunny",
"Waiting For Love - Avicii",
"traitor - Olivia Rodrigo",
"Robbery - Juice WRLD",
"Into You - Ariana Grande",
"Hall of Fame - The Script",
"Enemy (with JID) - from the series Arcane League of Legends - Imagine Dragons",
"Umbrella - Rihanna",
"I Want It That Way - Backstreet Boys",
"Rather Be (feat. Jess Glynne) - Clean Bandit",
"Dark Horse - Katy Perry",
"Hope - XXXTENTACION",
"you broke me first - Tate McRae",
"Ransom - Lil Tecca",
"Godzilla (feat. Juice WRLD) - Eminem",
"Light It Up (feat. Nyla & Fuse ODG) [Remix] - Major Lazer",
"Save Your Tears (Remix) (with Ariana Grande) - Bonus Track - The Weeknd",
"Scared to Be Lonely - Martin Garrix",
"Love On The Brain - Rihanna",
"We Found Love - Rihanna",
"Stay - Zedd",
"No Me Conoce - Remix - Jhayco",
"Ni**as In Paris - JAY-Z",
"Nice For What - Drake",
"In Da Club - 50 Cent",
"Panda - Desiigner",
"Feel It Still - Portugal. The Man",
"Todo De Ti - Rauw Alejandro",
"Starving - Hailee Steinfeld",
"Under the Bridge - Red Hot Chili Peppers",
"Butter - BTS",
"Goodbyes (feat. Young Thug) - Post Malone",
"Hawai - Maluma",
"Hymn for the Weekend - Coldplay",
"Californication - Red Hot Chili Peppers",
"BUTTERFLY EFFECT - Travis Scott",
"Issues - Julia Michaels",
"What Lovers Do (feat. SZA) - Maroon 5",
"Feel Good Inc. - Gorillaz",
"Sex on Fire - Kings of Leon",
"505 - Arctic Monkeys",
"Animals - Maroon 5",
"Everybody Wants To Rule The World - Tears For Fears",
"A Sky Full of Stars - Coldplay",
"Enter Sandman - Metallica",
"Life Is Good (feat. Drake) - Future",
"Sweet Home Alabama - Lynyrd Skynyrd",
"Say So - Doja Cat",
"Chasing Cars - Snow Patrol",
"Sorry Not Sorry - Demi Lovato",
"Mockingbird - Eminem",
"Moves Like Jagger - Studio Recording From 'The Voice' Performance - Maroon 5",
"SLOW DANCING IN THE DARK - Joji",
"Calma - Remix - Pedro Capo",
"Te Bote - Remix - Nio Garcia",
"Sugar (feat. Francesco Yates) - Robin Schulz",
"Paris - The Chainsmokers",
"When We Were Young - Adele",
"2China - Anuel AA",
"ocean eyes - Billie Eilish",
"I Gotta Feeling - Black Eyed Peas",
"Let It Go - James Bay",
"Leave The Door Open - Bruno Mars",
"I Wanna Be Yours - Arctic Monkeys",
"Daddy Issues - The Neighbourhood",
"MIDDLE CHILD - J. Cole",
"Hey Ya! - Outkast",
"Head & Heart (feat. MNEK) - Joel Corry",
"Have You Ever Seen The Rain - Creedence Clearwater Revival",
"Intentions (feat. Quavo) - Justin Bieber",
"Ghost - Justin Bieber",
"2Unholy (feat. Kim Petras) - Sam Smith",
"Dancing On My Own - Calum Scott",
"Just Give Me a Reason (feat. Nate Ruess) - P!nk",
"Sweet Dreams (Are Made of This) - Eurythmics",
"Boy With Luv (feat. Halsey) - BTS",
"We Will Rock You - Queen",
"Breaking Me - Topic",
"Swalla (feat. Nicki Minaj & Ty Dolla $ign) - Jason Derulo",
"Bank Account - 21 Savage",
"Savage Love (Laxed - Siren Beat) - Jawsh 685",
"Royals - Lorde",
"Losing My Religion - R.E.M.",
"Sucker for Pain (with Wiz Khalifa, Imagine Dragons, Logic & Ty Dolla $ign feat. X Ambassadors) - Lil Wayne",
"Call Me Maybe - Carly Rae Jepsen",
"Break My Heart - Dua Lipa",
"Stereo Hearts (feat. Adam Levine) - Gym Class Heroes",
"Where Are Ü Now - Skrillex",
"Going Bad (feat. Drake) - Meek Mill",
"LOVE. FEAT. ZACARI. - Kendrick Lamar",
"The Business - Tiesto",
"Eye of the Tiger - Survivor",
"Set Fire to the Rain - Adele",
"Lose You To Love Me - Selena Gomez",
"La Bachata - Manuel Turizo",
"Time of Our Lives - Pitbull",
"Fast Car - Jonas Blue",
"Diamonds - Rihanna",
"Best Part (feat. H.E.R.) - Daniel Caesar",
"Body - Loud Luxury",
"Natural - Imagine Dragons",
"Whatever It Takes - Imagine Dragons",
"Feels (feat. Pharrell Williams, Katy Perry & Big Sean) - Calvin Harris",
"Stay - Rihanna",
"White Iverson - Post Malone",
"Night Changes - One Direction",
"Shake It Off - Taylor Swift",
"These Days (feat. Jess Glynne, Macklemore & Dan Caplen) - Rudimental",
"Chop Suey! - System Of A Down",
"How to Save a Life - The Fray",
"Let Me Go - Hailee Steinfeld",
"Ojitos Lindos - Bad Bunny",
"Need to Know - Doja Cat",
"Talking to the Moon - Bruno Mars",
"Firestone - Kygo",
"Here Comes The Sun - The Beatles",
"Story of My Life - One Direction",
"Yeah! (feat. Lil Jon & Ludacris) - Usher",
"Grenade - Bruno Mars",
"Centuries - Fall Out Boy",
"Don't - Bryson Tiller",
"Ho Hey - The Lumineers",
"For The Night (feat. Lil Baby & DaBaby) - Pop Smoke",
"Ain't No Mountain High Enough - Marvin Gaye",
"Paradise - Coldplay",
"FourFiveSeconds - Rihanna",
"Happier Than Ever - Billie Eilish",
"Thrift Shop (feat. Wanz) - Macklemore & Ryan Lewis",
"Falling Down - Bonus Track - Lil Peep",
"Ophelia - The Lumineers",
"Wild Thoughts (feat. Rihanna & Bryson Tiller) - DJ Khaled",
"DNA. - Kendrick Lamar",
"Come As You Are - Nirvana",
"Solo (feat. Demi Lovato) - Clean Bandit",
"It's You - Ali Gatie",
"Dandelions - Ruth B.",
"My Universe - Coldplay",
"Nonstop - Drake",
"Somewhere Only We Know - Keane",
"Falling - Harry Styles",
"Toosie Slide - Drake",
"This Girl (Kungs Vs. Cookin' On 3 Burners) - Kungs",
"Middle - DJ Snake",
"Always Remember Us This Way - Lady Gaga",
"Praise The Lord (Da Shine) (feat. Skepta) - A$AP Rocky",
"Too Good - Drake",
"Mine - Bazzi",
"How Deep Is Your Love - Calvin Harris",
"Fortunate Son - Creedence Clearwater Revival",
"abcdefu - GAYLE",
"I Wanna Dance with Somebody (Who Loves Me) - Whitney Houston",
"Drag Me Down - One Direction",
"If the World Was Ending (feat. Julia Michaels) - JP Saxe",
"Roses (feat. ROZES) - The Chainsmokers",
"Say Something - A Great Big World",
"All I Want - Kodaline",
"Running Up That Hill (A Deal With God) - Kate Bush",
"Money Trees - Kendrick Lamar",
"ZEZE (feat. Travis Scott & Offset) - Kodak Black",
"Promises (with Sam Smith) - Calvin Harris",
"Wet Dreamz - J. Cole",
"Rap God - Eminem",
"Stuck with U (with Justin Bieber) - Ariana Grande",
"God is a woman - Ariana Grande",
"Back To You - Selena Gomez",
"Toxic - Britney Spears",
"Sultans Of Swing - Dire Straits",
"My House - Flo Rida",
"What You Know Bout Love - Pop Smoke",
"Strip That Down (feat. Quavo) - Liam Payne",
"bury a friend - Billie Eilish",
"Perfect Strangers - Jonas Blue",
"Summer Of '69 - Bryan Adams",
"Rain On Me (with Ariana Grande) - Lady Gaga",
"Arcade - Duncan Laurence",
"Dancing Queen - ABBA",
"Efecto - Bad Bunny",
"Nothing Else Matters - Metallica",
"Welcome To The Jungle - Guns N' Roses",
"Bad Romance - Lady Gaga",
"Roar - Katy Perry",
"Candy Paint - Post Malone",
"Revenge - XXXTENTACION",
"Want to Want Me - Jason Derulo",
"Bruises - Lewis Capaldi",
"Like I'm Gonna Lose You (feat. John Legend) - Meghan Trainor",
"10,000 Hours (with Justin Bieber) - Dan + Shay",
"Make You Feel My Love - Adele",
"Budapest - George Ezra",
"Don't Call Me Up - Mabel",
"Hey There Delilah - Plain White T's",
"Send My Love (To Your New Lover) - Adele",
"Look Alive (feat. Drake) - BlocBoy JB",
"What Makes You Beautiful - One Direction",
"Poker Face - Lady Gaga",
"If I Can't Have You - Shawn Mendes",
"idontwannabeyouanymore - Billie Eilish",
"Last Resort - Papa Roach",
"Without You (feat. Sandro Cavazza) - Avicii",
"Truth Hurts - Lizzo",
"Old Town Road - Lil Nas X",
"Prayer in C - Robin Schulz Radio Edit - Lilly Wood and The Prick",
"Can't Stop - Red Hot Chili Peppers",
"Slide (feat. Frank Ocean & Migos) - Calvin Harris",
"TiK ToK - Kesha",
"Lalala - Y2K",
"Zombie - The Cranberries",
"Fake Love - Drake",
"All Star - Smash Mouth",
"Talk (feat. Disclosure) - Khalid",
"No Lie - Sean Paul",
"No Guidance (feat. Drake) - Chris Brown",
"Flowers - Miley Cyrus",
"How Do You Sleep? - Sam Smith",
"Never Forget You - Zara Larsson",
"Snow (Hey Oh) - Red Hot Chili Peppers",
"Go Flex - Post Malone",
"Gold Digger - Kanye West",
"Heartbreak Anniversary - Giveon",
"iSpy (feat. Lil Yachty) - KYLE",
"Yes Indeed - Lil Baby",
"RITMO (Bad Boys For Life) - Black Eyed Peas",
"Where Are You Now - Lost Frequencies",
"I See Fire - Ed Sheeran",
"Chantaje (feat. Maluma) - Shakira",
"Get Lucky (feat. Pharrell Williams & Nile Rodgers) - Daft Punk",
"X - Nicky Jam",
"You Are The Reason - Calum Scott",
"Paint It, Black - The Rolling Stones",
"Crazy In Love (feat. Jay-Z) - Beyonce",
"I'm Good (Blue) - David Guetta",
"Black Beatles - Rae Sremmurd",
"Glimpse of Us - Joji",
"Hypnotize - The Notorious B.I.G.",
"Paradise City - Guns N' Roses",
"Wait a Minute! - WILLOW",
"I Ain't Worried - OneRepublic",
"Don't Wanna Know (feat. Kendrick Lamar) - Maroon 5",
"Mama - Jonas Blue",
"Waves - Robin Schulz Radio Edit - Mr. Probz",
"Beat It - Michael Jackson",
"break up with your girlfriend, i'm bored - Ariana Grande",
"Wannabe - Spice Girls",
"Rocket Man (I Think It's Going To Be A Long, Long Time) - Elton John",
"Dangerous Woman - Ariana Grande",
"Star Shopping - Lil Peep",
"The A Team - Ed Sheeran",
"THATS WHAT I WANT - Lil Nas X",
"Midnight City - M83",
"Bad and Boujee (feat. Lil Uzi Vert) - Migos",
"the remedy for a broken heart (why am I so in love) - XXXTENTACION",
"Pretty Girl - Cheat Codes X CADE Remix - Maggie Lindemann",
"Bad Liar - Imagine Dragons",
"Vete - Bad Bunny",
"Sunday Best - Surfaces",
"Little Talks - Of Monsters and Men",
"Love Lies (with Normani) - Khalid",
"Dior - Pop Smoke",
"Stan - Eminem",
"Felices los 4 - Maluma",
"My Way - Calvin Harris",
"Stole the Show - Kygo",
"echame La Culpa - Luis Fonsi",
"Money In The Grave (Drake ft. Rick Ross) - Drake",
"Hey Brother - Avicii",
"Promiscuous - Nelly Furtado",
"Latch - Disclosure",
"Dynamite - Taio Cruz",
"Summertime Sadness - Lana Del Rey",
"Girls Just Want to Have Fun - Cyndi Lauper",
"Young And Beautiful - Lana Del Rey",
"Should I Stay or Should I Go - The Clash",
"Starships - Nicki Minaj",
"Outside (feat. Ellie Goulding) - Calvin Harris",
"You Shook Me All Night Long - AC/DC",
"You Give Love A Bad Name - Bon Jovi",
"The Chain - Fleetwood Mac",
"Bitter Sweet Symphony - The Verve",
"Look What You Made Me Do - Taylor Swift",
"The Monster - Eminem",
"Soltera - Remix - Lunay",
"Dream On - Aerosmith",
"Don't You Worry Child - Radio Edit - Swedish House Mafia",
"I Don't Want to Miss a Thing - From 'Armageddon' Soundtrack - Aerosmith",
"Rewrite The Stars - Zac Efron",
"All The Small Things - blink-182",
"LA NOCHE DE ANOCHE - Bad Bunny",
"With Or Without You - U2",
"Nevermind - Dennis Lloyd",
"telepatia - Kali Uchis",
"Mirrors - Justin Timberlake",
"34+35 - Ariana Grande",
"Santa Tell Me - Ariana Grande",
"Infinity - Jaymes Young",
"Come & Go (with Marshmello) - Juice WRLD",
"Slow Hands - Niall Horan",
"Adventure of a Lifetime - Coldplay",
"Unstoppable - Sia",
"Not Afraid - Eminem",
"In My Blood - Shawn Mendes",
"Lose Control (with Meduza & Goodboys) - MEDUZA",
"3 Nights - Dominic Fike",
"Dark Red - Steve Lacy",
"Bodak Yellow - Cardi B",
"Laugh Now Cry Later (feat. Lil Durk) - Drake",
"WITHOUT YOU - The Kid LAROI",
"Give Me Everything (feat. Ne-Yo, Afrojack & Nayer) - Pitbull",
"It Wasn't Me - Shaggy",
"Ms. Jackson - Outkast",
"La Curiosidad - Jay Wheeler",
"Hold On, We're Going Home - Drake",
"Firework - Katy Perry",
"Low (feat. T-Pain) - Flo Rida",
"Moscow Mule - Bad Bunny",
"Streets - Doja Cat",
"Basket Case - Green Day",
"Numb / Encore - JAY-Z",
"Everlong - Foo Fighters",
"Stairway to Heaven - Led Zeppelin",
"Sure Thing - Miguel",
"If I Ain't Got You - Alicia Keys",
"Shotgun - George Ezra",
"We Can't Stop - Miley Cyrus",
"Adan y Eva - Paulo Londra",
"Bandit (with YoungBoy Never Broke Again) - Juice WRLD",
"Last Friday Night (T.G.I.F.) - Katy Perry",
"It's Beginning to Look a Lot like Christmas - Michael Buble",
"Kill Bill - SZA",
"i'm so tired... - Lauv",
"No Scrubs - TLC",
"Physical - Dua Lipa",
"Stayin' Alive - Bee Gees",
"Rise - Jonas Blue",
"In Your Eyes - The Weeknd",
"It Was A Good Day - Ice Cube",
"Criminal - NATTI NATASHA",
"Higher Love - Kygo",
"I WANNA BE YOUR SLAVE - Måneskin",
"See You Again (feat. Kali Uchis) - Tyler, The Creator",
"Exchange - Bryson Tiller",
"No Money - Galantis",
"Jackie Chan - Tiesto",
"This Love - Maroon 5",
"R U Mine? - Arctic Monkeys",
"Mr. Blue Sky - Electric Light Orchestra",
"Brown Eyed Girl - Van Morrison",
"POWER - Kanye West",
"The Next Episode - Dr. Dre",
"Bring Me To Life - Evanescence",
"Wake Up in the Sky - Gucci Mane",
"Heartless - Kanye West",
"Otra vez (feat. J Balvin) - Zion & Lennox",
"Under The Influence - Chris Brown",
"Where Is The Love? - Black Eyed Peas",
"The Way Life Goes (feat. Oh Wonder) - Lil Uzi Vert",
"Blame (feat. John Newman) - Calvin Harris",
"Often - The Weeknd",
"El Perdon (with Enrique Iglesias) - Nicky Jam",
"Treasure - Bruno Mars",
"bellyache - Billie Eilish",
"House of the Rising Sun - The Animals",
"Him & I (with Halsey) - G-Eazy",
"happier - Olivia Rodrigo",
"The Reason - Hoobastank",
"PROVENZA - KAROL G",
"Let Me Love You - Mario",
"2U (feat. Justin Bieber) - David Guetta",
"Big Poppa - The Notorious B.I.G.",
"Break Free - Ariana Grande",
"Never Be the Same - Camila Cabello",
"How You Like That - BLACKPINK",
"Rockin' Around The Christmas Tree - Brenda Lee",
"You Make My Dreams (Come True) - Daryl Hall & John Oates",
"Otherside - Red Hot Chili Peppers",
"Wishing Well - Juice WRLD",
"Jumpman - Drake",
"Kings & Queens - Ava Max",
"Go Your Own Way - Fleetwood Mac",
"Nothing Breaks Like a Heart (feat. Miley Cyrus) - Mark Ronson",
"I Forgot That You Existed - Taylor Swift",
"November Rain - Guns N' Roses",
"Safaera - Bad Bunny",
"Runaway (U & I) - Galantis",
"Paranoid - Black Sabbath",
"On Top Of The World - Imagine Dragons",
"Or Nah (feat. The Weeknd, Wiz Khalifa & DJ Mustard) - Remix - Ty Dolla $ign",
"River - Eminem",
"Golden - Harry Styles",
"The Ocean (feat. Shy Martin) - Mike Perry",
"Wake Me Up Before You Go-Go - Wham!",
"Good Days - SZA",
"Three Little Birds - Bob Marley & The Wailers",
"Elastic Heart - Sia",
"This Town - Niall Horan",
"Lost Boy - Ruth B.",
"RAPSTAR - Polo G",
"Just Dance - Lady Gaga",
"BICHOTA - KAROL G",
"I Won't Give Up - Jason Mraz",
"Swervin (feat. 6ix9ine) - A Boogie Wit da Hoodie",
"i love you - Billie Eilish",
"Anti-Hero - Taylor Swift",
"I Write Sins Not Tragedies - Panic! At The Disco",
"How You Remind Me - Nickelback",
"Perfect Duet (Ed Sheeran & Beyonce) - Ed Sheeran",
"Lost - Frank Ocean",
"Problem - Ariana Grande",
"You're Beautiful - James Blunt",
"20 Min - Lil Uzi Vert",
"Drowning (feat. Kodak Black) - A Boogie Wit da Hoodie",
"Somebody To Love - Queen",
"Tongue Tied - GROUPLOVE",
"you should see me in a crown - Billie Eilish",
"Freaks - Surf Curse",
"Controlla - Drake",
"Blurred Lines - Robin Thicke",
"EARFQUAKE - Tyler, The Creator",
"Loco Contigo (feat. J. Balvin & Tyga) - DJ Snake",
"a lot - 21 Savage",
"UN DIA (ONE DAY) - J Balvin",
"Levels - Instrumental Radio Edit - Avicii",
"I Want You Back - The Jackson 5",
"Jingle Bell Rock - Bobby Helms",
"Careless Whisper - George Michael",
"Marry You - Bruno Mars",
"FEFE - 6ix9ine",
"Candy Shop - 50 Cent",
"Worth It (feat. Kid Ink) - Fifth Harmony",
"American Idiot - Green Day",
"S&M - Rihanna",
"Kryptonite - 3 Doors Down",
"Levitating - Dua Lipa",
"Desesperados - Rauw Alejandro",
"Back To Black - Amy Winehouse",
"Wrecking Ball - Miley Cyrus",
"Hey Mama (feat. Nicki Minaj, Bebe Rexha & Afrojack) - David Guetta",
"Pop Out (feat. Lil Tjay) - Polo G",
"Yummy - Justin Bieber",
"Escapate Conmigo (feat. Ozuna) - Wisin",
"Feel So Close - Instrumental - Calvin Harris",
"Love Me Harder - Ariana Grande",
"You're Gonna Go Far, Kid - The Offspring",
"Empire State Of Mind - JAY-Z",
"I Was Made For Lovin' You - KISS",
"Killing In The Name - Rage Against The Machine",
"Boss Bitch - Doja Cat",
"Lost In Japan - Shawn Mendes",
"The Lazy Song - Bruno Mars",
"Apocalypse - Cigarettes After Sex",
"Bitch Better Have My Money - Rihanna",
"Sin Pijama - Becky G",
"Lo Siento BB:/ (with Bad Bunny & Julieta Venegas) - Tainy",
"Bored - Billie Eilish",
"Malibu - Miley Cyrus",
"Bleeding Love - Leona Lewis",
"ME! (feat. Brendon Urie of Panic! At The Disco) - Taylor Swift",
"All About That Bass - Meghan Trainor",
"BOP - DaBaby",
"What's Up? - 4 Non Blondes",
"Pray For Me (with Kendrick Lamar) - The Weeknd",
"Teenagers - My Chemical Romance",
"Skinny Love - Birdy",
"One Call Away - Charlie Puth",
"Lean Wit Me - Juice WRLD",
"This Is Me - Keala Settle",
"Vaina Loca - Ozuna",
"Only Girl (In The World) - Rihanna",
"My Girl - The Temptations",
"No Idea - Don Toliver",
"You Need To Calm Down - Taylor Swift",
"Holy (feat. Chance The Rapper) - Justin Bieber",
"Wildest Dreams - Taylor Swift",
"July - Noah Cyrus",
"wish you were gay - Billie Eilish",
"favorite crime - Olivia Rodrigo",
"Footloose - Kenny Loggins",
"Bailando - Enrique Iglesias",
"Lonely - Justin Bieber",
"Replay - Iyaz",
"La Santa - Bad Bunny",
"I'm Still Standing - Elton John",
"Jump - Van Halen",
"Million Reasons - Lady Gaga",
"Habits (Stay High) - Tove Lo",
"Another Brick In The Wall, Pt. 2 - Pink Floyd",
"Five More Hours - Deorro",
"Caroline - Amine",
"Don't Stop The Music - Rihanna",
"Wild Ones (feat. Sia) - Flo Rida",
"Piano Man - Billy Joel",
"No One - Alicia Keys",
"Space Song - Beach House",
"Bad Habit - Steve Lacy",
"Whats Poppin - Jack Harlow",
"Heartless - The Weeknd",
"Finesse - Remix; feat. Cardi B - Bruno Mars",
"THE SCOTTS - THE SCOTTS",
"Con Altura - ROSALiA",
"Thinkin Bout You - Frank Ocean",
"Pink + White - Frank Ocean",
"Low Life (feat. The Weeknd) - Future",
"Breezeblocks - alt-J",
"Work Out - J. Cole",
"Walk It Talk It - Migos",
"F**kin' Problems (feat. Drake, 2 Chainz & Kendrick Lamar) - A$AP Rocky",
"Don't - Ed Sheeran",
"Breakeven - The Script",
"Se Preparo - Ozuna",
"Don't You (Forget About Me) - Simple Minds",
"Supalonely (feat. Gus Dapperton) - BENEE",
"SOS (feat. Aloe Blacc) - Avicii",
"Kill This Love - BLACKPINK",
"Panini - Lil Nas X",
"I Don't Fuck With You - Big Sean",
"South of the Border (feat. Camila Cabello & Cardi B) - Ed Sheeran",
"How Far I'll Go - From 'Vaiana' - Alessia Cara",
"Therefore I Am - Billie Eilish",
"Que Mas Pues? - J Balvin",
"Play Date - Melanie Martinez",
"Your Song - Elton John",
"Love Story - Taylor Swift",
"Dejala Que Vuelva (feat. Manuel Turizo) - Piso 21",
"Maniac - Conan Gray",
"Walking On A Dream - Empire of the Sun",
"Bam Bam (feat. Ed Sheeran) - Camila Cabello",
"Si Veo a Tu Mama - Bad Bunny",
"Space Cadet (feat. Gunna) - Metro Boomin",
"Marvin Gaye (feat. Meghan Trainor) - Charlie Puth",
"Shout Out to My Ex - Little Mix",
"Saturday Nights - Khalid",
"SexyBack (feat. Timbaland) - Justin Timberlake",
"Desconocidos - Mau y Ricky",
"Dilemma - Nelly",
"Dilemma (feat. Kelly Rowland) - Nelly",
"What About Us - P!nk",
"Runaway - AURORA",
"Use Somebody - Kings of Leon",
"Bones - Imagine Dragons",
"Perfect - One Direction",
"Tennessee Whiskey - Chris Stapleton",
"Can't Help Falling in Love - Elvis Presley",
"The Middle - Jimmy Eat World",
"Better Together - Jack Johnson",
"Don't Look Back In Anger - Oasis",
"Take Me Out - Franz Ferdinand",
"Armed And Dangerous - Juice WRLD",
"Like I Can - Radio Mix - Sam Smith",
"Like I Can - Sam Smith",
"Shower - Becky G",
"MONEY - LISA",
"Bounce Back - Big Sean",
"Memories (feat. Kid Cudi) - David Guetta",
"love nwantiti (ah ah ah) - CKay",
"Beautiful (feat. Camila Cabello) - Bazzi",
"Drops of Jupiter (Tell Me) - Train",
"Love Someone - Lukas Graham",
"Waka Waka (This Time for Africa) [The Official 2010 FIFA World Cup (TM) Song] (feat. Freshlyground) - Shakira",
"Never Be Like You - Flume",
"Love Galore (feat. Travis Scott) - SZA",
"DESPECHA - ROSALiA",
"Never Gonna Give You Up - Rick Astley",
"Delicate - Taylor Swift",
"Father Stretch My Hands Pt. 1 - Kanye West",
"Sexy Bitch - David Guetta",
"Secreto - Anuel AA",
"I Kissed A Girl - Katy Perry",
"Snowman - Sia",
"Say My Name - Destiny's Child",
"3005 - Childish Gambino",
"Baby - Justin Bieber",
"The London (feat. J. Cole & Travis Scott) - Young Thug",
"Toxicity - System Of A Down",
"Fast Car - Tracy Chapman",
"It's My Life - Bon Jovi",
"Dog Days Are Over - Florence + The Machine",
"I Love It (feat. Charli XCX) - Icona Pop",
"Smack That - Akon",
"Si Estuviesemos Juntos - Bad Bunny",
"Reggaeton Lento (Bailemos) - CNCO",
"One More Night - Maroon 5",
"Diles - Bad Bunny",
"It's the Most Wonderful Time of the Year - Andy Williams",
"Yo Perreo Sola - Bad Bunny",
"Where Is My Mind? - Pixies",
"we fell in love in october - girl in red",
"Somebody Else - The 1975",
"Prisoner (feat. Dua Lipa) - Miley Cyrus",
"Day 'N' Nite (Nightmare) - Kid Cudi",
"GDFR (feat. Sage the Gemini & Lookas) - Flo Rida",
"Kids - MGMT",
"Ella Quiere Beber - Remix - Anuel AA",
"Noticed - Lil Mosey",
"More Than a Feeling - Boston",
"Mood Swings (feat. Lil Tjay) - Pop Smoke",
"Team - Lorde",
"Plain Jane - A$AP Ferg",
"The Sound of Silence - Disturbed",
"Pareja Del Ano - Sebastian Yatra",
"Hear Me Now - Alok",
"Song 2 - Blur",
"Martin & Gina - Polo G",
"Burn - Ellie Goulding",
"Master Of Puppets - Metallica",
"Save That Shit - Lil Peep",
"boyfriend (with Social House) - Ariana Grande",
"Whistle - Flo Rida",
"The One That Got Away - Katy Perry",
"QUE PRETENDES - J Balvin",
"FAKE LOVE - BTS",
"Sugar, We're Goin Down - Fall Out Boy",
"Cigarette Daydreams - Cage The Elephant",
"Video Games - Lana Del Rey",
"Scar Tissue - Red Hot Chili Peppers",
"Venom - Music From The Motion Picture - Eminem",
"Renegades - X Ambassadors",
"Could You Be Loved - Bob Marley & The Wailers",
"Everywhere - Fleetwood Mac",
"Magnolia - Playboi Carti",
"Uptown Girl - Billy Joel",
"About Damn Time - Lizzo",
"Fluorescent Adolescent - Arctic Monkeys",
"I Knew You Were Trouble. - Taylor Swift",
"No Diggity - Blackstreet",
"Fancy - Iggy Azalea",
"Hold On - Justin Bieber",
"cardigan - Taylor Swift",
"Clocks - Coldplay",
"2MAMIII - Becky G",
"A Tu Merced - Bad Bunny",
"Me Niego (feat. Ozuna & Wisin) - Reik",
"So Sick - Ne-Yo",
"Apologize - OneRepublic",
"Pa Mi - Remix - Dalex",
"Clint Eastwood - Gorillaz",
"Killer Queen - Queen",
"Otro Trago - Sech",
"Good For You - Selena Gomez",
"Super Bass - Nicki Minaj",
"Steal My Girl - One Direction",
"Complicated - Avril Lavigne",
"idfc - blackbear",
"First Class - Jack Harlow",
"STARGAZING - Travis Scott",
"Juicy - The Notorious B.I.G.",
"Late Night Talking - Harry Styles",
"Weak - AJR",
"Cool for the Summer - Demi Lovato",
"I Love It (& Lil Pump) - Kanye West",
"Versace on the Floor - Bruno Mars",
"Hold Me While You Wait - Lewis Capaldi",
"Hate Me (with Juice WRLD) - Ellie Goulding",
"Lucky You - Eminem",
"SUBEME LA RADIO (feat. Descemer Bueno & Zion & Lennox) - Enrique Iglesias",
"Supermarket Flowers - Ed Sheeran",
"Forgot About Dre - Dr. Dre",
"Never Really Over - Katy Perry",
"Goosebumps - Remix - Travis Scott",
"Are You Bored Yet? (feat. Clairo) - Wallows",
"Pursuit Of Happiness (Nightmare) - Kid Cudi",
"Chanel - Frank Ocean",
"Bound 2 - Kanye West",
"Let It Go - From 'Frozen' - Idina Menzel",
"11 PM - Maluma",
"What You Know - Two Door Cinema Club",
"Lonely Together (feat. Rita Ora) - Avicii",
"Gucci Gang - Lil Pump",
"The Greatest (feat. Kendrick Lamar) - Sia",
"Welcome to the Black Parade - My Chemical Romance",
"A Thousand Miles - Vanessa Carlton",
"Tal Vez - Paulo Londra",
"pick up the phone - Young Thug",
"Magic - Coldplay",
"Tiny Dancer - Elton John",
"What I've Done - Linkin Park",
"Alone - Alan Walker",
"Mistletoe - Justin Bieber",
"Mayores - Becky G",
"The Kids Aren't Alright - The Offspring",
"Bad Things (with Camila Cabello) - Machine Gun Kelly",
"m.A.A.d city - Kendrick Lamar",
"Take A Bow - Rihanna",
"Friends (with BloodPop®) - Justin Bieber",
"Hands To Myself - Selena Gomez",
"Take You Dancing - Jason Derulo",
"Down Under - Men At Work",
"I Want to Know What Love Is - Foreigner",
"Freaky Friday (feat. Chris Brown) - Lil Dicky",
"Calm Down (with Selena Gomez) - Rema",
"Misery Business - Paramore",
"POPSTAR (feat. Drake) - DJ Khaled",
"Lost in the Fire (feat. The Weeknd) - Gesaffelstein",
"I Miss You - blink-182",
"Look Back at It - A Boogie Wit da Hoodie",
"Hold Back The River - James Bay",
"Paradise (feat. Dermot Kennedy) - MEDUZA",
"Calling My Phone - Lil Tjay",
"Lights Up - Harry Styles",
"Te Vi - Piso 21",
"Losin Control - Russ",
"Bandido - Myke Towers",
"Hymn for the Weekend - Seeb Remix - Coldplay",
"Remember the Name (feat. Styles of Beyond) - Fort Minor",
"Temperature - Sean Paul",
"Dive - Ed Sheeran",
"Impossible - James Arthur",
"Antidote - Travis Scott",
"No Limit - G-Eazy",
"You Right - Doja Cat",
"Giant (with Rag'n'Bone Man) - Calvin Harris",
"...Baby One More Time - Britney Spears",
"Cold (feat. Future) - Maroon 5",
"Heroes (we could be) - Alesso",
"The Pretender - Foo Fighters",
"My Oh My (feat. DaBaby) - Camila Cabello",
"DJ Got Us Fallin' In Love (feat. Pitbull) - Usher",
"Down with the Sickness - Disturbed",
"Roll in Peace (feat. XXXTENTACION) - Kodak Black",
"F.N - Lil Tjay",
"Until I Found You - Stephen Sanchez",
"Scream & Shout - will.i.am",
"jealousy, jealousy - Olivia Rodrigo",
"White Noise - 500 hz - Granular",
"After Hours - The Weeknd",
"I Miss You (feat. Julia Michaels) - Clean Bandit",
"La Dificil - Bad Bunny",
"Dura - Daddy Yankee",
"Lay Me Down - Sam Smith",
"X Gon' Give It To Ya - Int'l Bonus track - DMX",
"Hot N Cold - Katy Perry",
"Style - Taylor Swift",
"Beautiful Crazy - Luke Combs",
"I'm a Mess - Bebe Rexha",
"Stand by Me - Ben E. King",
"Adicto (with Anuel AA & Ozuna) - Tainy",
"New Light - John Mayer",
"Train Wreck - James Arthur",
"Beautiful Girls - Radio Disney Version - Sean Kingston",
"Oops!...I Did It Again - Britney Spears",
"La Bicicleta - Carlos Vives",
"Suge - DaBaby",
"Life Goes On - BTS",
"Love You Like A Love Song - Selena Gomez & The Scene",
"YEAH RIGHT - Joji",
"Here With Me - Marshmello",
"Mr. Jones - Counting Crows",
"Paper Planes - M.I.A.",
"California Gurls - Katy Perry",
"Somebody Told Me - The Killers",
"Flames - David Guetta",
"1, 2, 3 (feat. Jason Derulo & De La Ghetto) - Sofia Reyes",
"Ambitionz Az A Ridah - 2Pac",
"8TEEN - Khalid",
"Wants and Needs (feat. Lil Baby) - Drake",
"Trumpets - Jason Derulo",
"Go Crazy - Chris Brown",
"Lucky - Jason Mraz",
"La Jeepeta - Remix - Nio Garcia",
"Bad Moon Rising - Creedence Clearwater Revival",
"Una Noche en Medellin - Cris Mj",
"Legends - Juice WRLD",
"All Along the Watchtower - Jimi Hendrix",
"Una Lady Como Tú - Manuel Turizo",
"It's Time - Imagine Dragons",
"Heart Attack - Demi Lovato",
"Electric Feel - MGMT",
"I Was Never There - The Weeknd",
"How Long - Charlie Puth",
"Hola - Remix - Dalex",
"Flashing Lights - Kanye West",
"American Boy - Estelle",
"OUT WEST (feat. Young Thug) - JACKBOYS",
"The Motto - Tiesto",
"Ignorantes - Bad Bunny",
"Come Together - The Beatles",
"Talk Dirty (feat. 2 Chainz) - Jason Derulo",
"DUELE EL CORAZON (feat. Wisin) - Enrique Iglesias",
"my ex's best friend (with blackbear) - Machine Gun Kelly",
"Anyone - Justin Bieber",
"Beautiful Mistakes (feat. Megan Thee Stallion) - Maroon 5",
"What A Time (feat. Niall Horan) - Julia Michaels",
"Wake Me up When September Ends - Green Day",
"Close To Me - Ellie Goulding",
"Close To Me (with Diplo) (feat. Swae Lee) - Ellie Goulding",
"Warriors - Imagine Dragons",
"Your Song - Rita Ora",
"I Will Wait - Mumford & Sons",
"Santeria - Sublime",
"Leave Before You Love Me - Marshmello",
"DDU-DU DDU-DU - BLACKPINK",
"Love Myself - Hailee Steinfeld",
"Total Eclipse of the Heart - Bonnie Tyler",
"We Are The Champions - Queen",
"I Hate Everything About You - Three Days Grace",
"Little Lion Man - Mumford & Sons",
"Fiel - Los Legendarios",
"Don't Go Breaking My Heart - Elton John",
"Whiskey Glasses - Morgan Wallen",
"Be Kind - Marshmello",
"Is This Love - Bob Marley & The Wailers",
"Crazy Little Thing Called Love - Queen",
"California Dreamin' - Single Version - The Mamas & The Papas",
"Borro Cassette - Maluma",
"Neverita - Bad Bunny",
"Boulevard of Broken Dreams - Green Day",
"Tunnel Vision - Kodak Black",
"breathin - Ariana Grande",
"Ahora Dice - Chris Jedi",
"Fantasias - Rauw Alejandro",
"Money Longer - Lil Uzi Vert",
"After Party - Don Toliver",
"Sola (Remix) - Anuel AA",
"Permission to Dance - BTS",
"Your Love (9PM) - ATB",
"Immigrant Song - Led Zeppelin",
"(I Can't Get No) Satisfaction - Mono Version - The Rolling Stones",
"Unsteady - X Ambassadors",
"Summer Days (feat. Macklemore & Patrick Stump of Fall Out Boy) - Martin Garrix",
"Most Girls - Hailee Steinfeld",
"Time After Time - Cyndi Lauper",
"Because of You - Kelly Clarkson",
"Wish You Were Here - Pink Floyd",
"Chicago Freestyle (feat. Giveon) - Drake",
"Ain't No Sunshine - Bill Withers",
"Stay (feat. Maty Noyes) - Kygo",
"Island In The Sun - Weezer",
"Stir Fry - Migos",
"Propuesta Indecente - Romeo Santos",
"There for You - Martin Garrix",
"Sweet Caroline - Neil Diamond",
"This Could Be Us - Rae Sremmurd",
"Tainted Love - Soft Cell",
"No Brainer - DJ Khaled",
"Volando - Remix - Mora",
"You Don't Know Me - Jax Jones",
"Can I Be Him - James Arthur",
"Creepin' (with The Weeknd & 21 Savage) - Metro Boomin",
"Gasolina - Daddy Yankee",
"Takeaway - The Chainsmokers",
"OTW - Khalid",
"P.I.M.P. - 50 Cent",
"Left and Right (Feat. Jung Kook of BTS) - Charlie Puth",
"Still into You - Paramore",
"Dani California - Red Hot Chili Peppers",
"Best Friend - Rex Orange County",
"Bitch, Don’t Kill My Vibe - Kendrick Lamar",
"When It Rains It Pours - Luke Combs",
"Downtown - Anitta",
"Party Monster - The Weeknd",
"Ignition - R. Kelly",
"Swang - Rae Sremmurd",
"Same Old Love - Selena Gomez",
"do re mi - blackbear",
"Electricity - Silk City",
"In The Air Tonight - Phil Collins",
"Naked - James Arthur",
"Call You Mine - The Chainsmokers",
"oui - Jeremih",
"How Deep Is Your Love - Bee Gees",
"My Boo - Usher",
"This Feeling - The Chainsmokers",
"Love Me Again - John Newman",
"Relacion - Remix - Sech",
"Secret Love Song (feat. Jason Derulo) - Little Mix",
"Traicionera - Sebastian Yatra",
"YOUTH - Troye Sivan",
"Party Rock Anthem - LMFAO",
"Betrayed - Lil Xan",
"Wind Of Change - Scorpions",
"Sensualidad - Bad Bunny",
"I Will Always Love You - Whitney Houston",
"All I Want - Olivia Rodrigo",
"CoMO SE SIENTE - Remix - Jhay Cortez",
"Slippery (feat. Gucci Mane) - Migos",
"willow - Taylor Swift",
"Knockin' On Heaven's Door - Guns N' Roses",
"It Will Rain - Bruno Mars",
"Wagon Wheel - Darius Rucker",
"Self Care - Mac Miller",
"Party - Bad Bunny",
"Pon de Replay - Rihanna",
"Black Magic - Little Mix",
"Ain't No Rest For The Wicked - Original Version - Cage The Elephant",
"Shoota (feat. Lil Uzi Vert) - Playboi Carti",
"HP - Maluma",
"DNA - BTS",
"Die Young - Kesha",
"all the good girls go to hell - Billie Eilish",
"Savior - Rise Against",
"Stay High - Habits Remix - Tove Lo",
"Tenerife Sea - Ed Sheeran",
"Ivy - Frank Ocean",
"Nights - Frank Ocean",
"Hold the Line - TOTO",
"Kiss and Make Up - Dua Lipa",
"Thnks fr th Mmrs - Fall Out Boy",
"Robarte un Beso - Carlos Vives",
"Free Fallin' - Tom Petty",
"Vente Pa' Ca (feat. Maluma) - Ricky Martin",
"All We Know - The Chainsmokers",
"Fire On Fire - Sam Smith",
"Don't Speak - No Doubt",
"Gimme! Gimme! Gimme! (A Man After Midnight) - ABBA",
"Duality - Slipknot",
"I Still Haven't Found What I'm Looking For - U2",
"Friday I'm In Love - The Cure",
"YOSEMITE - Travis Scott",
"Can We Kiss Forever? - Kina",
"TE MUDASTE - Bad Bunny",
"Remind Me to Forget - Kygo",
"She Looks So Perfect - 5 Seconds of Summer",
"Blood // Water - grandson",
"Dust in the Wind - Kansas",
"Hurricane - Luke Combs",
"Bad At Love - Halsey",
"You & Me - Flume Remix - Disclosure",
"Up - Cardi B",
"Amorfoda - Bad Bunny",
"We Are Never Ever Getting Back Together - Taylor Swift",
"Reminder - The Weeknd",
"Tarot - Bad Bunny",
"Smooth Criminal - Michael Jackson",
"Mienteme - TINI",
"Superman - Eminem",
"Skinny Love - Bon Iver",
"Be the One - Dua Lipa",
"Since U Been Gone - Kelly Clarkson",
"T.N.T. - AC/DC",
"Down - Jay Sean",
"Back to You (feat. Bebe Rexha & Digital Farm Animals) - Louis Tomlinson",
"Corazon (feat. Nego do Borel) - Maluma",
"On My Way - Alan Walker",
"This Is America - Childish Gambino",
"Let It Be - The Beatles",
"Hooked On A Feeling - Blue Swede",
"Sunroof - Nicky Youre",
"What's My Age Again? - blink-182",
"MotorSport - Migos",
"Sofia - Clairo",
"Heart-Shaped Box - Nirvana",
"The Way I Are - Timbaland",
"Everyday (feat. Rod Stewart, Miguel & Mark Ronson) - A$AP Rocky",
"Don’t Blame Me - Taylor Swift",
"Tattoo - Remix with Camilo - Rauw Alejandro",
"Arms Around You (feat. Maluma & Swae Lee) - XXXTENTACION",
"Cheap Thrills (feat. Sean Paul) - Sia",
"September Song - JP Cooper",
"(Sittin' On) the Dock of the Bay - Otis Redding",
"Good as Hell - Lizzo",
"Te Felicito - Shakira",
"Water Under the Bridge - Adele",
"Love On Top - Beyonce",
"Knife Talk (with 21 Savage ft. Project Pat) - Drake",
"Rescue Me - OneRepublic",
"Intro - The xx",
"Come Get Her - Rae Sremmurd",
"Talking Body - Tove Lo",
"Tutu - Camilo",
"Moral of the Story - Ashe",
"Midnight Sky - Miley Cyrus",
"Killing Me Softly With His Song - Fugees",
"Say My Name - David Guetta",
"El Amante - Nicky Jam",
"Mon Amour - Remix - zzoilo",
"Moth To A Flame (with The Weeknd) - Swedish House Mafia",
"Single Ladies (Put a Ring on It) - Beyonce",
"Bonita - J Balvin",
"Baby Shark - Pinkfong",
"Here - Alessia Cara",
"Bad (feat. Vassy) - Radio Edit - David Guetta",
"Put Your Records On - Corinne Bailey Rae",
"Sparks - Coldplay",
"King's Dead (with Kendrick Lamar, Future & James Blake) - Jay Rock",
"Teenage Dream - Katy Perry",
"Dancing In the Dark - Bruce Springsteen",
"Black Hole Sun - Soundgarden",
"Die A Happy Man - Thomas Rhett",
"PICK IT UP (feat. A$AP Rocky) - Famous Dex",
"Landslide - Fleetwood Mac",
"More Than Words - Extreme",
"I Know What You Did Last Summer - Shawn Mendes",
"I.F.L.Y. - Bazzi",
"La player (Bandolera) - Zion & Lennox",
"Monster (Shawn Mendes & Justin Bieber) - Shawn Mendes",
"Drunk in Love (feat. Jay-Z) - Beyonce",
"Telephone - Lady Gaga",
"Hurt - Johnny Cash",
"No Es Justo - J Balvin",
"Black Skinhead - Kanye West",
"La La La - Naughty Boy",
"BEBE - 6ix9ine",
"Love Again - Dua Lipa",
"Imagine - John Lennon",
"1950 - King Princess",
"Little Things - One Direction",
"Superheroes - The Script",
"Buy U a Drank (Shawty Snappin') (feat. Yung Joc) - T-Pain",
"California Love - Original Version - 2Pac",
"Crazy Train - Ozzy Osbourne",
"Ruin My Life - Zara Larsson",
"Sigues Con El - Arcangel",
"Love Sosa - Chief Keef",
"Teeth - 5 Seconds of Summer",
"House of Memories - Panic! At The Disco",
"Stronger (What Doesn't Kill You) - Kelly Clarkson",
"No Type - Rae Sremmurd",
"A Horse with No Name - America",
"Portland - Drake",
"Wasted (feat. Lil Uzi Vert) - Juice WRLD",
"King - Years & Years",
"Paradise - Bazzi",
"Ay, DiOs Mio! - KAROL G",
"Raise Your Glass - P!nk",
"Take What You Want (feat. Ozzy Osbourne & Travis Scott) - Post Malone",
"LOYALTY. FEAT. RIHANNA. - Kendrick Lamar",
"Where Have You Been - Rihanna",
"Rojo - J Balvin",
"Green Light - Lorde",
"Only Love Can Hurt Like This - Paloma Faith",
"Money - Cardi B",
"Famous - Kanye West",
"Fly Me To The Moon - Frank Sinatra",
"Final Song - MO",
"Softcore - The Neighbourhood",
"Roxanne - The Police",
"Chained To The Rhythm - Katy Perry",
"Monster - Skillet",
"X (feat. Future) - 21 Savage",
"Ayo - Chris Brown",
"Superstition - Single Version - Stevie Wonder",
"Teenage Fever - Drake",
"Count on Me - Bruno Mars",
"7/11 - Beyonce",
"My Songs Know What You Did In The Dark (Light Em Up) - Fall Out Boy",
"Don't Be Shy - Tiesto",
"Kill Em With Kindness - Selena Gomez",
"Cuando Te Bese - Becky G",
"Whatcha Say - Jason Derulo",
"Swimming Pools (Drank) - Kendrick Lamar",
"exile (feat. Bon Iver) - Taylor Swift",
"Feliz Navidad - Jose Feliciano",
"Stay - Post Malone",
"Strawberries & Cigarettes - Troye Sivan",
"All Of The Lights - Kanye West",
"Best of You - Foo Fighters",
"Darkside - Alan Walker",
"Good Riddance (Time of Your Life) - Green Day",
"Sky Walker (feat. Travis Scott) - Miguel",
"love nwantiti (feat. Dj Yo! & AX'EL) - Remix - CKay",
"Sweet Creature - Harry Styles",
"Black and Yellow - Wiz Khalifa",
"Amanece - Anuel AA",
"Born To Be Yours - Kygo",
"Alors on danse - Radio Edit - Stromae",
"So Am I - Ava Max",
"Sing - Ed Sheeran",
"Uprising - Muse",
"Good Feeling - Flo Rida",
"I Want To Break Free - Single Remix - Queen",
"Stargazing - Kygo",
"She Knows (feat. Amber Coffman & Cults) - J. Cole",
"Te Robare - Nicky Jam",
"Envolver - Anitta",
"Everyday - Logic",
"AM Remix - Nio Garcia",
"Whole Lotta Love - Led Zeppelin",
"King Kunta - Kendrick Lamar",
"Ahora Te Puedes Marchar - Luis Miguel",
"Take Care - Drake",
"Baila Baila Baila - Ozuna",
"Secrets - OneRepublic",
"Close - Nick Jonas",
"Disturbia - Rihanna",
"Otro Trago - Remix - Sech",
"Reloj - Rauw Alejandro",
"Who Do You Love - The Chainsmokers",
"The Climb - Miley Cyrus",
"Black Widow - Iggy Azalea",
"Una Locura - Ozuna",
"Alone - Marshmello",
"Safari - J Balvin",
"Feel This Moment (feat. Christina Aguilera) - Pitbull",
"Thunderclouds (feat. Sia, Diplo, and Labrinth) - Sia",
"All Falls Down (feat. Juliander) - Alan Walker",
"Anywhere - Rita Ora",